{
    "name": "root",
    "gauges": {
        "AgentControl.Policy.Entropy.mean": {
            "value": 1.4348666667938232,
            "min": 1.4219034910202026,
            "max": 1.4349414110183716,
            "count": 10
        },
        "AgentControl.Policy.Entropy.sum": {
            "value": 71353.046875,
            "min": 70879.7734375,
            "max": 74348.4921875,
            "count": 10
        },
        "AgentControl.Environment.EpisodeLength.mean": {
            "value": 355.59322033898303,
            "min": 193.3111111111111,
            "max": 368.0921985815603,
            "count": 10
        },
        "AgentControl.Environment.EpisodeLength.sum": {
            "value": 41960.0,
            "min": 34796.0,
            "max": 56781.0,
            "count": 10
        },
        "AgentControl.Step.mean": {
            "value": 499968.0,
            "min": 49993.0,
            "max": 499968.0,
            "count": 10
        },
        "AgentControl.Step.sum": {
            "value": 499968.0,
            "min": 49993.0,
            "max": 499968.0,
            "count": 10
        },
        "AgentControl.Policy.ExtrinsicValueEstimate.mean": {
            "value": 0.06812215596437454,
            "min": -0.022683411836624146,
            "max": 0.2103385478258133,
            "count": 10
        },
        "AgentControl.Policy.ExtrinsicValueEstimate.sum": {
            "value": 57.49510192871094,
            "min": -19.893352508544922,
            "max": 180.68081665039062,
            "count": 10
        },
        "AgentControl.Environment.CumulativeReward.mean": {
            "value": 0.4915254237288136,
            "min": 0.25149700598802394,
            "max": 1.3966480446927374,
            "count": 10
        },
        "AgentControl.Environment.CumulativeReward.sum": {
            "value": 58.0,
            "min": 41.0,
            "max": 250.0,
            "count": 10
        },
        "AgentControl.Policy.ExtrinsicReward.mean": {
            "value": 0.4915254237288136,
            "min": 0.25149700598802394,
            "max": 1.3966480446927374,
            "count": 10
        },
        "AgentControl.Policy.ExtrinsicReward.sum": {
            "value": 58.0,
            "min": 41.0,
            "max": 250.0,
            "count": 10
        },
        "AgentControl.Losses.PolicyLoss.mean": {
            "value": 0.023244726577031544,
            "min": 0.022487236254504144,
            "max": 0.026355052378494292,
            "count": 10
        },
        "AgentControl.Losses.PolicyLoss.sum": {
            "value": 0.11622363288515772,
            "min": 0.09629158849517505,
            "max": 0.13055482545654135,
            "count": 10
        },
        "AgentControl.Losses.ValueLoss.mean": {
            "value": 0.22959588818252086,
            "min": 0.18619191507498423,
            "max": 0.47109611786224626,
            "count": 10
        },
        "AgentControl.Losses.ValueLoss.sum": {
            "value": 1.1479794409126043,
            "min": 0.9309595753749211,
            "max": 2.0038976140320304,
            "count": 10
        },
        "AgentControl.Policy.LearningRate.mean": {
            "value": 1.3881095373000001e-05,
            "min": 1.3881095373000001e-05,
            "max": 0.00028320525559825005,
            "count": 10
        },
        "AgentControl.Policy.LearningRate.sum": {
            "value": 6.9405476865e-05,
            "min": 6.9405476865e-05,
            "max": 0.0012758244747252,
            "count": 10
        },
        "AgentControl.Policy.Epsilon.mean": {
            "value": 0.10462699999999998,
            "min": 0.10462699999999998,
            "max": 0.19440175000000004,
            "count": 10
        },
        "AgentControl.Policy.Epsilon.sum": {
            "value": 0.5231349999999999,
            "min": 0.5231349999999999,
            "max": 0.9252748,
            "count": 10
        },
        "AgentControl.Policy.Beta.mean": {
            "value": 0.00024088730000000014,
            "min": 0.00024088730000000014,
            "max": 0.0047206473250000006,
            "count": 10
        },
        "AgentControl.Policy.Beta.sum": {
            "value": 0.0012044365000000007,
            "min": 0.0012044365000000007,
            "max": 0.02127121252,
            "count": 10
        },
        "AgentControl.IsTraining.mean": {
            "value": 1.0,
            "min": 1.0,
            "max": 1.0,
            "count": 10
        },
        "AgentControl.IsTraining.sum": {
            "value": 1.0,
            "min": 1.0,
            "max": 1.0,
            "count": 10
        }
    },
    "metadata": {
        "timer_format_version": "0.1.0",
        "start_time_seconds": "1729896203",
        "python_version": "3.10.12 | packaged by Anaconda, Inc. | (main, Jul  5 2023, 19:01:18) [MSC v.1916 64 bit (AMD64)]",
        "command_line_arguments": "C:\\Users\\penca\\.conda\\envs\\mlagents\\Scripts\\mlagents-learn --force --run-id=NewMovility1",
        "mlagents_version": "1.1.0",
        "mlagents_envs_version": "1.1.0",
        "communication_protocol_version": "1.5.0",
        "pytorch_version": "2.5.0+cpu",
        "numpy_version": "1.23.5",
        "end_time_seconds": "1729896452"
    },
    "total": 248.87482850000015,
    "count": 1,
    "self": 0.008362000000261105,
    "children": {
        "run_training.setup": {
            "total": 0.024724099999957616,
            "count": 1,
            "self": 0.024724099999957616
        },
        "TrainerController.start_learning": {
            "total": 248.84174239999993,
            "count": 1,
            "self": 0.256106600012572,
            "children": {
                "TrainerController._reset_env": {
                    "total": 8.425962199999958,
                    "count": 1,
                    "self": 8.425962199999958
                },
                "TrainerController.advance": {
                    "total": 240.10839439998745,
                    "count": 8962,
                    "self": 0.25746769998659147,
                    "children": {
                        "env_step": {
                            "total": 129.8986637999917,
                            "count": 8962,
                            "self": 112.00550679998491,
                            "children": {
                                "SubprocessEnvManager._take_step": {
                                    "total": 17.76166560002207,
                                    "count": 8962,
                                    "self": 0.769254500029092,
                                    "children": {
                                        "TorchPolicy.evaluate": {
                                            "total": 16.992411099992978,
                                            "count": 7843,
                                            "self": 16.992411099992978
                                        }
                                    }
                                },
                                "workers": {
                                    "total": 0.13149139998472492,
                                    "count": 8962,
                                    "self": 0.0,
                                    "children": {
                                        "worker_root": {
                                            "total": 241.08571229998597,
                                            "count": 8962,
                                            "is_parallel": true,
                                            "self": 153.42916759998138,
                                            "children": {
                                                "steps_from_proto": {
                                                    "total": 0.0006476999999449617,
                                                    "count": 1,
                                                    "is_parallel": true,