{
    "name": "root",
    "gauges": {
        "AgentControl.Policy.Entropy.mean": {
            "value": 1.3300131559371948,
            "min": 1.3300131559371948,
            "max": 1.4208124876022339,
            "count": 7
        },
        "AgentControl.Policy.Entropy.sum": {
            "value": 66394.2578125,
            "min": 66394.2578125,
            "max": 73143.4296875,
            "count": 7
        },
        "AgentControl.Environment.EpisodeLength.mean": {
            "value": 8.332960059723778,
            "min": 8.332960059723778,
            "max": 51.72698412698413,
            "count": 7
        },
        "AgentControl.Environment.EpisodeLength.sum": {
            "value": 44648.0,
            "min": 44648.0,
            "max": 48882.0,
            "count": 7
        },
        "AgentControl.Step.mean": {
            "value": 349999.0,
            "min": 49990.0,
            "max": 349999.0,
            "count": 7
        },
        "AgentControl.Step.sum": {
            "value": 349999.0,
            "min": 49990.0,
            "max": 349999.0,
            "count": 7
        },
        "AgentControl.Policy.ExtrinsicValueEstimate.mean": {
            "value": 9.533533096313477,
            "min": 1.6688876152038574,
            "max": 9.533533096313477,
            "count": 7
        },
        "AgentControl.Policy.ExtrinsicValueEstimate.sum": {
            "value": 51080.66796875,
            "min": 2224.627197265625,
            "max": 51080.66796875,
            "count": 7
        },
        "AgentControl.Environment.CumulativeReward.mean": {
            "value": 9.981522956326987,
            "min": 6.512195121951219,
            "max": 9.982978723404255,
            "count": 7
        },
        "AgentControl.Environment.CumulativeReward.sum": {
            "value": 53481.0,
            "min": 6141.0,
            "max": 53481.0,
            "count": 7
        },
        "AgentControl.Policy.ExtrinsicReward.mean": {
            "value": 9.981522956326987,
            "min": 6.512195121951219,
            "max": 9.982978723404255,
            "count": 7
        },
        "AgentControl.Policy.ExtrinsicReward.sum": {
            "value": 53481.0,
            "min": 6141.0,
            "max": 53481.0,
            "count": 7
        },
        "AgentControl.Losses.PolicyLoss.mean": {
            "value": 0.021374798840455088,
            "min": 0.021374798840455088,
            "max": 0.02516080744220138,
            "count": 7
        },
        "AgentControl.Losses.PolicyLoss.sum": {
            "value": 0.10687399420227545,
            "min": 0.10064322976880552,
            "max": 0.1218076172900813,
            "count": 7
        },
        "AgentControl.Losses.ValueLoss.mean": {
            "value": 0.2294464958707491,
            "min": 0.1471496696770191,
            "max": 5.125125158627828,
            "count": 7
        },
        "AgentControl.Losses.ValueLoss.sum": {
            "value": 1.1472324793537456,
            "min": 0.7357483483850955,
            "max": 25.62562579313914,
            "count": 7
        },
        "AgentControl.Policy.LearningRate.mean": {
            "value": 0.0001030086656638,
            "min": 0.0001030086656638,
            "max": 0.0002845951551349499,
            "count": 7
        },
        "AgentControl.Policy.LearningRate.sum": {
            "value": 0.000515043328319,
            "min": 0.000515043328319,
            "max": 0.0012842442719186002,
            "count": 7
        },
        "AgentControl.Policy.Epsilon.mean": {
            "value": 0.13433620000000002,
            "min": 0.13433620000000002,
            "max": 0.19486504999999998,
            "count": 7
        },
        "AgentControl.Policy.Epsilon.sum": {
            "value": 0.6716810000000001,
            "min": 0.6716810000000001,
            "max": 0.9280813999999997,
            "count": 7
        },
        "AgentControl.Policy.Beta.mean": {
            "value": 0.0017233763800000002,
            "min": 0.0017233763800000002,
            "max": 0.0047437659949999995,
            "count": 7
        },
        "AgentControl.Policy.Beta.sum": {
            "value": 0.008616881900000001,
            "min": 0.008616881900000001,
            "max": 0.021411261860000003,
            "count": 7
        },
        "AgentControl.IsTraining.mean": {
            "value": 1.0,
            "min": 1.0,
            "max": 1.0,
            "count": 7
        },
        "AgentControl.IsTraining.sum": {
            "value": 1.0,
            "min": 1.0,
            "max": 1.0,
            "count": 7
        }
    },
    "metadata": {
        "timer_format_version": "0.1.0",
        "start_time_seconds": "1729556811",
        "python_version": "3.10.12 | packaged by Anaconda, Inc. | (main, Jul  5 2023, 19:01:18) [MSC v.1916 64 bit (AMD64)]",
        "command_line_arguments": "C:\\Users\\penca\\.conda\\envs\\mlagents\\Scripts\\mlagents-learn --run-id=test2",
        "mlagents_version": "1.1.0",
        "mlagents_envs_version": "1.1.0",
        "communication_protocol_version": "1.5.0",
        "pytorch_version": "2.5.0+cpu",
        "numpy_version": "1.23.5",
        "end_time_seconds": "1729557153"
    },
    "total": 342.56422759999987,
    "count": 1,
    "self": 0.0072530999896116555,
    "children": {
        "run_training.setup": {
            "total": 0.06533830001717433,
            "count": 1,
            "self": 0.06533830001717433
        },
        "TrainerController.start_learning": {
            "total": 342.4916361999931,
            "count": 1,
            "self": 0.5770153008052148,
            "children": {
                "TrainerController._reset_env": {
                    "total": 19.23588039999595,
                    "count": 1,
                    "self": 19.23588039999595
                },
                "TrainerController.advance": {
                    "total": 322.42840769921895,
                    "count": 20393,
                    "self": 0.49161799883586355,
                    "children": {
                        "env_step": {
                            "total": 170.34018759883475,
                            "count": 20393,
                            "self": 151.56108079536352,
                            "children": {
                                "SubprocessEnvManager._take_step": {
                                    "total": 18.463706201087916,
                                    "count": 20393,
                                    "self": 0.7320019009639509,
                                    "children": {
                                        "TorchPolicy.evaluate": {
                                            "total": 17.731704300123965,
                                            "count": 5954,
                                            "self": 17.731704300123965
                                        }
                                    }
                                },
                                "workers": {
                                    "total": 0.31540060238330625,
                                    "count": 20392,
                                    "self": 0.0,
                                    "children": {
                                        "worker_root": {
                                            "total": 320.5037860989978,
                                            "count": 20392,
                                            "is_parallel": true,
                                            "self": 209.61291179800173,
                                            "children": {
                                                "steps_from_proto": {
                                                    "total": 0.0011323000071570277,
                                                    "count": 1,
                                                    "is_parallel": true,