{
    "name": "root",
    "gauges": {
        "AgentControl.Policy.Entropy.mean": {
            "value": 1.4243682622909546,
            "min": 1.420795202255249,
            "max": 1.4243682622909546,
            "count": 10
        },
        "AgentControl.Policy.Entropy.sum": {
            "value": 71197.046875,
            "min": 70371.984375,
            "max": 73714.4765625,
            "count": 10
        },
        "AgentControl.Environment.EpisodeLength.mean": {
            "value": 225.1179245283019,
            "min": 170.31428571428572,
            "max": 337.86559139784947,
            "count": 10
        },
        "AgentControl.Environment.EpisodeLength.sum": {
            "value": 47725.0,
            "min": 29805.0,
            "max": 62843.0,
            "count": 10
        },
        "AgentControl.Step.mean": {
            "value": 499988.0,
            "min": 49948.0,
            "max": 499988.0,
            "count": 10
        },
        "AgentControl.Step.sum": {
            "value": 499988.0,
            "min": 49948.0,
            "max": 499988.0,
            "count": 10
        },
        "AgentControl.Policy.ExtrinsicValueEstimate.mean": {
            "value": 0.12265180051326752,
            "min": -0.0691211074590683,
            "max": 0.28382667899131775,
            "count": 10
        },
        "AgentControl.Policy.ExtrinsicValueEstimate.sum": {
            "value": 109.28275299072266,
            "min": -60.1353645324707,
            "max": 256.2955017089844,
            "count": 10
        },
        "AgentControl.Environment.CumulativeReward.mean": {
            "value": 0.6084905660377359,
            "min": 0.10614525139664804,
            "max": 1.2666666666666666,
            "count": 10
        },
        "AgentControl.Environment.CumulativeReward.sum": {
            "value": 129.0,
            "min": 19.0,
            "max": 250.0,
            "count": 10
        },
        "AgentControl.Policy.ExtrinsicReward.mean": {
            "value": 0.6084905660377359,
            "min": 0.10614525139664804,
            "max": 1.2666666666666666,
            "count": 10
        },
        "AgentControl.Policy.ExtrinsicReward.sum": {
            "value": 129.0,
            "min": 19.0,
            "max": 250.0,
            "count": 10
        },
        "AgentControl.Losses.PolicyLoss.mean": {
            "value": 0.024302804146039608,
            "min": 0.02244618955567906,
            "max": 0.02709990683477372,
            "count": 10
        },
        "AgentControl.Losses.PolicyLoss.sum": {
            "value": 0.12151402073019804,
            "min": 0.09709042805091787,
            "max": 0.1354995341738686,
            "count": 10
        },
        "AgentControl.Losses.ValueLoss.mean": {
            "value": 0.3650915911793709,
            "min": 0.2293505673483014,
            "max": 0.5427989847461383,
            "count": 10
        },
        "AgentControl.Losses.ValueLoss.sum": {
            "value": 1.8254579558968544,
            "min": 1.146752836741507,
            "max": 2.7139949237306915,
            "count": 10
        },
        "AgentControl.Policy.LearningRate.mean": {
            "value": 1.5087814970759988e-05,
            "min": 1.5087814970759988e-05,
            "max": 0.00028368765543745,
            "count": 10
        },
        "AgentControl.Policy.LearningRate.sum": {
            "value": 7.543907485379994e-05,
            "min": 7.543907485379994e-05,
            "max": 0.0012798726733757998,
            "count": 10
        },
        "AgentControl.Policy.Epsilon.mean": {
            "value": 0.10502924,
            "min": 0.10502924,
            "max": 0.19456254999999997,
            "count": 10
        },
        "AgentControl.Policy.Epsilon.sum": {
            "value": 0.5251462,
            "min": 0.5251462,
            "max": 0.9266242000000002,
            "count": 10
        },
        "AgentControl.Policy.Beta.mean": {
            "value": 0.00026095907599999987,
            "min": 0.00026095907599999987,
            "max": 0.004728671245,
            "count": 10
        },
        "AgentControl.Policy.Beta.sum": {
            "value": 0.0013047953799999994,
            "min": 0.0013047953799999994,
            "max": 0.02133854758,
            "count": 10
        },
        "AgentControl.IsTraining.mean": {
            "value": 1.0,
            "min": 1.0,
            "max": 1.0,
            "count": 10
        },
        "AgentControl.IsTraining.sum": {
            "value": 1.0,
            "min": 1.0,
            "max": 1.0,
            "count": 10
        }
    },
    "metadata": {
        "timer_format_version": "0.1.0",
        "start_time_seconds": "1729896719",
        "python_version": "3.10.12 | packaged by Anaconda, Inc. | (main, Jul  5 2023, 19:01:18) [MSC v.1916 64 bit (AMD64)]",
        "command_line_arguments": "C:\\Users\\penca\\.conda\\envs\\mlagents\\Scripts\\mlagents-learn --force --run-id=NewMovility2",
        "mlagents_version": "1.1.0",
        "mlagents_envs_version": "1.1.0",
        "communication_protocol_version": "1.5.0",
        "pytorch_version": "2.5.0+cpu",
        "numpy_version": "1.23.5",
        "end_time_seconds": "1729896966"
    },
    "total": 247.5791976999999,
    "count": 1,
    "self": 0.008978299999853334,
    "children": {
        "run_training.setup": {
            "total": 0.021572500000047512,
            "count": 1,
            "self": 0.021572500000047512
        },
        "TrainerController.start_learning": {
            "total": 247.5486469,
            "count": 1,
            "self": 0.2569197000002532,
            "children": {
                "TrainerController._reset_env": {
                    "total": 9.601821299999983,
                    "count": 1,
                    "self": 9.601821299999983
                },
                "TrainerController.advance": {
                    "total": 237.63427629999978,
                    "count": 9077,
                    "self": 0.24585370003273965,
                    "children": {
                        "env_step": {
                            "total": 128.3544543999849,
                            "count": 9077,
                            "self": 110.93340140000123,
                            "children": {
                                "SubprocessEnvManager._take_step": {
                                    "total": 17.288389199987023,
                                    "count": 9077,
                                    "self": 0.7599866999896676,
                                    "children": {
                                        "TorchPolicy.evaluate": {
                                            "total": 16.528402499997355,
                                            "count": 7723,
                                            "self": 16.528402499997355
                                        }
                                    }
                                },
                                "workers": {
                                    "total": 0.13266379999663513,
                                    "count": 9077,
                                    "self": 0.0,
                                    "children": {
                                        "worker_root": {
                                            "total": 238.53931920004675,
                                            "count": 9077,
                                            "is_parallel": true,
                                            "self": 152.44937940004957,
                                            "children": {
                                                "steps_from_proto": {
                                                    "total": 0.0006056999998236279,
                                                    "count": 1,
                                                    "is_parallel": true,